row,label,steps_share,sessions_share,prefill_share
append,Append,0.9599585962501582,0.43586936690384964,0.3752372873059938
mutation,Mutation,0.040041403749841796,0.5641306330961503,0.6247627126940062
injection,Injection,0.00959608743604115,0.17104542966611933,0.07423398800639888
system_prompt,System prompt,0.0073568496989640025,0.20260901295384054,0.26850349837249127
tool_definitions,Tool definitions,0.004049973783651847,0.21382959313993796,0.13926266546160831
dropped_turns,Dropped turns,0.003588023648954058,0.06495165115854772,0.05325718380607035
compaction,Compaction,0.00041584552242853785,0.03676336434957125,0.005590337819259119
tool_result,Tool result drop,0.005070603337612323,0.05856595511767926,0.03238889330024312
other,Other,0.00996402032218988,0.14468162744024812,0.051526145927935106
