category,calls,sessions,tokens,time,fail,same,mixed
Read,16.34218688438661,68.15902252211178,33.86096819908448,7.159619920244993,1.011267650612349,23.945367262840392,5.481328858490165
Edit,12.178101997212545,55.53934530865323,3.8183381247098773,5.609102186499505,2.074084647776747,8.09811229325371,1.3375709938786708
Write,4.3261946045581645,46.84052156469408,0.4523374740660642,1.7517797900205503,1.0198949930598862,8.039959078052597,2.9247156526448816
Browser,2.5960986057522915,23.15127199781162,5.916909468565295,0.8490368678858926,1.664429530201342,28.66789236169146,8.240013371218453
MCP,1.5330129323287391,5.653323607185192,3.270152217448611,1.161862119401375,4.196479273140262,15.759977356354375,6.351542598358336
Subagent,0.40171621079817343,10.394820826114708,0.7848626964492168,2.0103674569593366,1.4505690694041509,29.790451501404192,6.5456902138690864
Ask User,0.3999805607191146,18.23652776511352,0.10624345000701918,5.803056065628198,2.155365963179165,1.2367107832501627,0.7159904534606205
*Interpreter,12.405472157569257,60.91912099936172,8.611316491678537,16.939861298219945,4.986314829110815,2.721250236098189,3.010164464249488
*Search,11.177933639154878,56.69736482173794,7.505377554651077,6.852755061504641,1.9321079803445915,4.802645880562715,6.7979255302630355
*File Ops,9.008284257827349,70.56624418710678,7.6263701624311855,6.925305359873739,3.2685968465784985,9.68950801036579,14.182634413263587
*Network,3.705786483798575,31.22093553387435,2.48298011447226,2.651601006220323,6.2601377559416065,5.742119807034799,5.170717999156948
*Git/VCS,3.6354058730927377,28.248381508160847,2.4460563215601168,3.3102558596489238,2.2394302239430224,6.738917667279368,7.7248096249791125
*Wait/Poll,3.2754320466959292,28.704294702288685,1.1592106700295213,9.95746816092138,8.087804358250308,0.3258882441777283,1.2267175370267334
*Build/Test,2.4852773482043835,18.94775234795295,1.1365410573577799,4.741345646995394,3.583289634679252,1.1977093372442211,3.9981842307423703
*Packages,0.9001081309999253,15.346038114343031,0.378425226813519,1.352748756329912,4.788623391699719,2.024681835711531,6.691091399922869
Other,15.629008266901327,80.81517279110058,20.44391077067544,22.923834443645884,5.467059322222966,9.012515686252735,5.628727220229435
All,100.0,100.0,100.0,100.0,3.276461292661666,10.029974676865347,5.488472679999931
